Turn Index,Length,Turn Radius
0,12.192,
1,23.93893602,7.62
2,12.192,
3,23.93893602,7.62