Turn Index,Length,Turn Radius
0,30,
1,15.7079632679,5
2,30,
3,15.7079632679,5
